{
  "generated_by": "deno task sim:refit",
  "seeds": [
    3390767137,
    168939025,
    3735928559,
    4207869677,
    3135097598,
    3237998146,
    4277009102,
    212580974
  ],
  "sampleCounts": {
    "blockScore": 547671,
    "protectionScore": 800339,
    "coverageScore": 800339
  },
  "blockScore": {
    "mean": -1.71334236899777,
    "stddev": 9.653446603078232
  },
  "protectionScore": {
    "mean": 8.24919398738186,
    "stddev": 12.091425432179733
  },
  "coverageScore": {
    "mean": -3.969718005606636,
    "stddev": 13.05125927755135
  }
}
