{
  "generated_by": "deno task sim:refit",
  "seeds": [
    3390767137,
    168939025,
    3735928559,
    4207869677,
    3135097598,
    3237998146,
    4277009102,
    212580974
  ],
  "sampleCounts": {
    "blockScore": 549230,
    "protectionScore": 800579,
    "coverageScore": 800579
  },
  "blockScore": {
    "mean": -4.297129039818806,
    "stddev": 6.828823836186485
  },
  "protectionScore": {
    "mean": 0.02253814634993007,
    "stddev": 7.993612053296132
  },
  "coverageScore": {
    "mean": -6.2828509116546165,
    "stddev": 8.644186137052632
  }
}
