{
  "generated_by": "deno task sim:refit",
  "seeds": [
    3390767137,
    168939025,
    3735928559,
    4207869677,
    3135097598,
    3237998146,
    4277009102,
    212580974
  ],
  "sampleCounts": {
    "blockScore": 551331,
    "protectionScore": 807453,
    "coverageScore": 807453
  },
  "blockScore": {
    "mean": -4.231405453348318,
    "stddev": 6.817344014884669
  },
  "protectionScore": {
    "mean": 0.10962532803766341,
    "stddev": 7.947775602308334
  },
  "coverageScore": {
    "mean": -6.236241923680298,
    "stddev": 8.64842048638562
  }
}
